-- ######################
-- お知らせ情報管理テーブル
-- ######################
-- システムお知らせ
INSERT INTO NTC_MST (NOTICE_ID, LEVEL, DISP_LIMIT, REG_USER, REG_DATE, DEL_FLG, UPD_USER, UPD_DATE)
VALUES (2025010100000001, 0, '2099-12-31 23:59:59', 'system', CURRENT_TIMESTAMP, 0, 'system', CURRENT_TIMESTAMP);
INSERT INTO NTC_MST (NOTICE_ID, LEVEL, DISP_LIMIT, REG_USER, REG_DATE, DEL_FLG, UPD_USER, UPD_DATE)
VALUES (2025010100000002, 0, '2099-12-31 23:59:59', 'system', CURRENT_TIMESTAMP, 0, 'system', CURRENT_TIMESTAMP);
INSERT INTO NTC_MST (NOTICE_ID, LEVEL, DISP_LIMIT, REG_USER, REG_DATE, DEL_FLG, UPD_USER, UPD_DATE)
VALUES (2025010100000003, 0, '2099-12-31 23:59:59', 'system', CURRENT_TIMESTAMP, 0, 'system', CURRENT_TIMESTAMP);
-- 管理人お知らせ
INSERT INTO NTC_MST (NOTICE_ID, LEVEL, DISP_LIMIT, REG_USER, REG_DATE, DEL_FLG, UPD_USER, UPD_DATE)
VALUES (2025010100000004, 1, '2099-12-31 23:59:59', 'system', CURRENT_TIMESTAMP, 0, 'system', CURRENT_TIMESTAMP);
INSERT INTO NTC_MST (NOTICE_ID, LEVEL, DISP_LIMIT, REG_USER, REG_DATE, DEL_FLG, UPD_USER, UPD_DATE)
VALUES (2025010100000005, 1, '2099-12-31 23:59:59', 'system', CURRENT_TIMESTAMP, 0, 'system', CURRENT_TIMESTAMP);
INSERT INTO NTC_MST (NOTICE_ID, LEVEL, DISP_LIMIT, REG_USER, REG_DATE, DEL_FLG, UPD_USER, UPD_DATE)
VALUES (2025010100000006, 1, '2099-12-31 23:59:59', 'system', CURRENT_TIMESTAMP, 0, 'system', CURRENT_TIMESTAMP);

-- ######################
-- お知らせ情報詳細テーブル
-- ######################
-- システムお知らせ
INSERT INTO NTC_DTL (NOTICE_ID, LEVEL, TITLE, CONTENT, UPD_USER, UPD_DATE)
VALUES (2025010100000001, 0, '【重要】システムメンテナンスのお知らせ！', '2025年1月10日 0:00～3:00 の間、システムメンテナンスを行います。', 'system', CURRENT_TIMESTAMP);
INSERT INTO NTC_DTL (NOTICE_ID, LEVEL, TITLE, CONTENT, UPD_USER, UPD_DATE)
VALUES (2025010100000002, 0, '【重要】メールサービス不安定のお知らせ！', 'メールサービス不安定です。今は修復中で、少々お待ちください。', 'system', CURRENT_TIMESTAMP);
INSERT INTO NTC_DTL (NOTICE_ID, LEVEL, TITLE, CONTENT, UPD_USER, UPD_DATE)
VALUES (2025010100000003, 0, '【一般】パスワード定期変更のお願い！', '定期的にパスワードの変更をお願いします！', 'system', CURRENT_TIMESTAMP);
-- 管理人お知らせ
INSERT INTO NTC_DTL (NOTICE_ID, LEVEL, TITLE, CONTENT, UPD_USER, UPD_DATE)
VALUES (2025010100000004, 1, '必ず2025/06/12まで試験を受けてください！', '必ず2025/06/12まで試験を受けてください！', 'admin', CURRENT_TIMESTAMP);
INSERT INTO NTC_DTL (NOTICE_ID, LEVEL, TITLE, CONTENT, UPD_USER, UPD_DATE)
VALUES (2025010100000005, 1, 'XXX試験の結果が発表しました！', '試験の結果が発表しました！あなたの成績は以下となります：.....', 'admin', CURRENT_TIMESTAMP);
INSERT INTO NTC_DTL (NOTICE_ID, LEVEL, TITLE, CONTENT, UPD_USER, UPD_DATE)
VALUES (2025010100000006, 1, '【重要】個人情報最新化のお願い！', '個人情報最新化をお早めに行なってください！', 'admin', CURRENT_TIMESTAMP);

-- ######################
-- 利用者のお知らせ表示状況
-- ######################
-- システムお知らせ
INSERT INTO USR_NTC (USERID, NOTICE_ID, READ_FLG, UPD_DATE)
VALUES ('USER', 2025010100000001, 0, CURRENT_TIMESTAMP);
INSERT INTO USR_NTC (USERID, NOTICE_ID, READ_FLG, UPD_DATE)
VALUES ('USER', 2025010100000002, 1, CURRENT_TIMESTAMP);
INSERT INTO USR_NTC (USERID, NOTICE_ID, READ_FLG, UPD_DATE)
VALUES ('USER', 2025010100000003, 1, CURRENT_TIMESTAMP);
INSERT INTO USR_NTC (USERID, NOTICE_ID, READ_FLG, UPD_DATE)
VALUES ('USER', 2025010100000004, 0, CURRENT_TIMESTAMP);
INSERT INTO USR_NTC (USERID, NOTICE_ID, READ_FLG, UPD_DATE)
VALUES ('USER', 2025010100000005, 0, CURRENT_TIMESTAMP);
INSERT INTO USR_NTC (USERID, NOTICE_ID, READ_FLG, UPD_DATE)
VALUES ('USER', 2025010100000006, 1, CURRENT_TIMESTAMP);
